date,headline,url,source
4 hours ago,CMSA urges compliance as iTrust launches sh15 billion bond,https://dailynews.co.tz/cmsa-urges-compliance-as-itrust-launches-sh15-billion-bond/,Daily News
1 day ago,Kairuki oversees 40bn/- NBC-BII MSME financing deal,https://dailynews.co.tz/kairuki-oversees-40bn-nbc-bii-msme-financing-deal/,Daily News
1 day ago,"Airtel, Huawei strengthen partnership to advance Tanzania’s digital transformation",https://dailynews.co.tz/142913-2/,Daily News
2 days ago,TADB records rapid financial growth,https://dailynews.co.tz/tadb-records-rapid-financial-growth/,Daily News
2 days ago,EACOP advances toward final stages,https://dailynews.co.tz/eacop-advances-toward-final-stages/,Daily News
2 days ago,"Government, Serengeti Breweries Limited deepen collaboration on Sustainable Development Agenda",https://dailynews.co.tz/142868-2/,Daily News
3 days ago,"Tanzania, Russia sign key agreements",https://dailynews.co.tz/tanzania-russia-sign-key-agreements/,Daily News
3 days ago,DTB hosts European investors as Tanzania’s investment momentum grows,https://dailynews.co.tz/dtb-hosts-european-investors-as-tanzanias-investment-momentum-grows/,Daily News
3 days ago,Minister urges stronger customs role,https://dailynews.co.tz/minister-urges-stronger-customs-role/,Daily News
3 days ago,TZ records sharp rise in honey exports,https://dailynews.co.tz/tz-records-sharp-rise-in-honey-exports/,Daily News
3 days ago,Dar markets key sectors to Moscow,https://dailynews.co.tz/dar-markets-key-sectors-to-moscow/,Daily News
3 days ago,Banks urged to deepen inclusion as 78pc remain unbanked,https://dailynews.co.tz/banks-urged-to-deepen-inclusion-as-78pc-remain-unbanked/,Daily News
4 days ago,"90 Tanzania firms register for carbon trading, as it rapidly expands the green economy sector",https://dailynews.co.tz/90-tanzania-firms-register-for-carbon-trading-as-it-rapidly-expands-the-green-economy-sector/,Daily News
4 days ago,Tanzania is ready to unlock carbon trading opportunities,https://dailynews.co.tz/tanzania-advised-to-fully-harness-emerging-opportunities-to-earn-2bn-us-dollars-from-carbon-trading/,Daily News
4 days ago,Tanzania records 67.85 percent increase in the volume of exported honey,https://dailynews.co.tz/tanzania-records-67-85-percent-increase-in-the-volume-of-exported-honey/,Daily News
4 days ago,Tanzania pushes digital innovation in energy sector,https://dailynews.co.tz/tanzania-pushes-digital-innovation-in-energy-sector/,Daily News
5 days ago,AGRA continues national ClimVAT training series in Dar es Salaam,https://dailynews.co.tz/agra-continues-national-climvat-training-series-in-dar-es-salaam/,Daily News
5 days ago,Government backs Private Sector to drive Vision 2050 goals,https://dailynews.co.tz/government-backs-private-sector-to-drive-vision-2050-goals/,Daily News
5 days ago,Shivo Tanzania eyes Zanzibar expansion after strong growth,https://dailynews.co.tz/shivo-tanzania-eyes-zanzibar-expansion-after-strong-growth/,Daily News
5 days ago,Carbon trading unlocks opportunities,https://dailynews.co.tz/carbon-trading-unlocks-opportunities/,Daily News
5 days ago,Arusha hosts EAC talks on trade standards,https://dailynews.co.tz/arusha-hosts-eac-talks-on-trade-standards/,Daily News
6 days ago,"Belgian carrier’s direct flights to KIA, a boost to Tanzania’s tourism, trade ties with Europe",https://dailynews.co.tz/belgian-carriers-direct-flights-to-kia-a-boost-to-tanzanias-tourism-trade-ties-with-europe/,Daily News
6 days ago,Zaipuna to address global banking forum,https://dailynews.co.tz/zaipuna-to-address-global-banking-forum/,Daily News
6 days ago,AfDB meetings to focus on Africa financing gap,https://dailynews.co.tz/afdb-meetings-to-focus-on-africa-financing-gap/,Daily News
6 days ago,DSE foreign outflows narrow,https://dailynews.co.tz/dse-foreign-outflows-narrow/,Daily News
6 days ago,Economic analysis of China’s High-Tech Centre benefits for regional youth,https://dailynews.co.tz/economic-analysis-of-chinas-high-tech-centre-benefits-for-regional-youth/,Daily News
6 days ago,"TPDC, PAET in Songo Songo licence talks",https://dailynews.co.tz/tpdc-paet-in-songo-songo-licence-talks/,Daily News
9 hours ago,TPDC to enter next phase of Eyasi-Wembere oil exploration in June,https://www.thecitizen.co.tz/tanzania/business/tpdc-to-enter-next-phase-of-eyasi-wembere-oil-exploration-in-june-5464866,The Citizen
Yesterday,Economic indicators to watch: Navigating the stock and commodity markets this year,https://www.thecitizen.co.tz/tanzania/business/economic-indicators-to-watch-navigating-the-stock-and-commodity-markets-this-year-5463780,The Citizen
Yesterday,"Boost for SMEs, agrifinance as NMB lands over Sh450 billion deals",https://www.thecitizen.co.tz/tanzania/business/boost-for-smes-agrifinance-as-nmb-lands-over-sh450-billion-deals-5463578,The Citizen
Yesterday,LPG firms battle for market share as clean cooking adoption accelerates,https://www.thecitizen.co.tz/tanzania/business/lpg-firms-battle-for-market-share-as-clean-cooking-adoption-accelerates-5463486,The Citizen
May 16,Uganda courts Tanzanian investors in €405 million Sukuk bond for SGR financing,https://www.thecitizen.co.tz/tanzania/business/uganda-courts-tanzanian-investors-in-405-million-sukuk-bond-for-sgr-financing-5460220,The Citizen
